temperature,pressure,concentration_A,concentration_B,catalyst,reaction_outcome
174.83570765056163,2.199677718293001,0.36496434500512365,0.11843848842452176,yes,low_yield
143.08678494144075,1.9623168414563845,0.47109626585689646,0.3279229978440996,yes,low_yield
182.38442690503462,1.5298151849600872,0.34151601580000773,0.41727889331567114,no,low_yield
226.15149282040127,1.176531611147213,0.43840769407219193,0.877537531468038,yes,success
138.2923312638332,1.849111656806795,0.12127706660924287,0.6113106249067517,no,no_reaction
138.29315215254098,1.6967426927108749,0.5426587414745877,0.23290368618002172,yes,low_yield
228.96064077536957,1.9475966100138662,0.5002410950724449,0.5972072578835275,yes,success
188.37173645764545,1.8175859008409847,0.33658227378636185,0.1905392022123269,yes,low_yield
126.5262807032524,2.0247763576596673,0.631849133686481,0.7165382107774146,yes,success
177.12800217929822,1.232382394219716,0.6875140275253117,0.4057750696364243,yes,low_yield
126.82911535937689,2.158697032817163,0.17848802712620515,0.4812727622521658,no,no_reaction
126.71351232148716,1.5987998023461998,0.3474550442867571,0.765159329508438,yes,low_yield
162.0981135783017,2.5376304363126327,0.3461715300425403,0.24256728628315,yes,low_yield
54.33598776711011,1.155406090955216,0.312019379778227,0.22057636297740174,yes,low_yield
63.75410837434836,2.367981901582625,0.6658949683863498,0.383280134730799,no,low_yield
121.88562353795136,1.598955391731324,0.4612347722454393,0.7076757702038633,yes,low_yield
99.35844398327882,1.1742909981927758,0.44709703173787785,0.19613078490463148,yes,low_yield
165.7123666297637,1.2580570829728392,0.1,0.1,yes,low_yield
104.59879622393944,1.3398263459028399,0.6270836060418453,0.40976822831820026,yes,low_yield
79.38481493323543,1.7120829732009581,0.2521483210293055,0.6103481599821841,yes,low_yield
223.28243844607772,1.7614177440177499,0.5119865260532657,0.7400523499477658,no,low_yield
138.7111849756732,1.2131499980307106,0.5554753875916383,0.40736772758292017,yes,low_yield
153.3764102343962,1.4878227038695087,0.7721317191677302,0.4177146785767995,yes,low_yield
78.76259068932715,2.571135179305932,0.23823592017617756,0.7307801468511494,yes,low_yield
122.78086377374086,2.3637715850503556,0.1,0.12605166006091584,no,no_reaction
155.5461294854933,1.718161834837016,0.536769908950739,0.4222958449633981,yes,low_yield
92.45032112888487,1.5190017390841002,0.8601022363021708,0.5380847779850115,yes,low_yield
168.7849009172836,1.5600156633591307,0.7477892705878875,0.5898437442570068,yes,success
119.96806550405975,1.8067589863652083,0.5419318830549251,0.3980386613618235,yes,low_yield
135.41531251033615,0.9886037174007972,0.40167276287359055,0.5068882023411683,yes,low_yield
119.91466938853016,1.3713117312883274,0.661424519327462,0.1,yes,low_yield
242.6139092254469,0.6657079630612053,0.30529076005910627,0.36835031753323033,yes,low_yield
149.3251387631033,1.6996115613026397,0.5952715538712439,0.5907017425108935,yes,success
97.11445355220499,1.8235979698513705,0.6010940318333253,0.3035411931490641,yes,low_yield
191.12724560515946,1.258406768850313,0.7120419814997759,0.5117968443179195,yes,low_yield
88.95781750144889,2.2869933816450163,1.0,0.5893745001605396,yes,low_yield
160.44317975023776,0.8871171684988294,0.5784831934357534,0.431490159828447,no,low_yield
52.016493806011226,0.7678125598950899,0.39820727485850027,0.5340927541993141,no,no_reaction
83.59069755507848,1.612225909279986,0.49488513756160113,0.3074534869430775,no,no_reaction
159.84306179345617,2.023549151306077,0.14618481902217634,0.45867774406079065,no,low_yield
186.92332899977052,2.3419638457289342,0.3610573737821884,0.6220432339178446,no,low_yield
158.56841405949854,1.2705578685655299,0.4181435123773792,0.5313945921936869,no,low_yield
144.21758588058796,2.039340416715648,0.3951823204130815,0.3826937460872129,yes,low_yield
134.94481522053556,1.4807457652496463,0.5304709744067444,0.5448432808581586,no,low_yield
76.07390048162863,1.4136863500295902,0.33551601352355986,0.6429219581273236,yes,low_yield
114.00778958026457,1.9418299687433362,0.7242061334648943,0.1,yes,low_yield
126.96806145201063,1.8261614392067098,0.5000414129836395,0.7318148129911796,no,low_yield
202.85611131094578,0.7118039215078753,0.4981399357722771,0.43274905226378557,yes,low_yield
167.18091447842306,2.238270174862948,0.43442105669741643,0.585097986648046,yes,success
61.8479922318633,2.1900456770737255,0.5310381367717958,0.7394493847290455,no,low_yield
166.20419846973977,1.1872186492452352,0.6650196529335269,0.2256652605539068,yes,low_yield
130.74588597918418,1.6979017667187044,0.3265739568578199,0.3581117995144907,yes,low_yield
116.15389998470206,1.7470150931413695,0.36837670218494867,0.442290260824859,no,low_yield
180.5838144420434,1.6303368829119536,0.43925479424466707,0.3432492957751143,no,low_yield
201.54997612479755,1.2248474230772899,0.230825815305357,0.8469873151673617,yes,low_yield
196.56400595580993,1.1641883160309743,0.33614842805570044,0.32864558123464144,yes,low_yield
108.03912383886808,1.4872229645042774,0.4047558252910682,0.3888906441026267,yes,low_yield
134.53938120743928,2.086364509629682,0.6748778361425455,0.5408778063205953,no,low_yield
166.5631715701782,1.7718000772972162,0.552512265800385,0.2595700947847822,yes,low_yield
198.77725635611796,1.314692833956947,0.5387179822735089,0.42086385764874723,yes,low_yield
126.04128810773551,1.8858493553241724,0.6701795924335945,0.563490652250035,yes,low_yield
140.71705116680914,0.5,0.4725256423201207,0.43342791912349776,yes,low_yield
94.68325129969858,2.0743828501860517,0.578092969985778,0.4813226282200103,no,low_yield
90.18966879596647,0.6301431106109502,0.47935564941350073,0.39413357751032585,yes,low_yield
190.6262911197099,1.318779529298434,0.5530724698799256,0.19710593816384658,no,low_yield
217.81200142854115,0.9401650526869281,0.3834482684776836,0.5643186422678477,yes,low_yield
146.3994939209833,0.8526592621395471,0.1,0.8509866143294483,no,no_reaction
200.17664489460122,2.08041339368926,0.4731441675627392,0.5036803261566877,no,low_yield
168.0818012523817,1.2661493993440542,0.7845496272199881,0.5450528234495099,yes,low_yield
117.74401226974379,1.673251940865358,0.6852430804483185,0.6385445510233719,yes,low_yield
168.0697802754207,1.476539710560408,0.6930794969182341,0.24613390069066016,yes,low_yield
226.90182832329845,1.7385204136115608,0.7472261443612436,0.8405029316259212,no,low_yield
148.20869804450243,1.5384109455301276,0.5177315181922875,0.5404657592845604,yes,low_yield
228.2321827907003,0.8585038879057152,0.5394631414811191,0.8263713798178218,no,low_yield
25.0,1.99813340972357,0.37646962091312997,0.3533934008952021,no,no_reaction
191.09512521876118,1.2531217084193438,0.43678542879459004,0.863612384511565,no,low_yield
154.35235341190855,0.7217090506701245,0.6231542299542283,0.6550310988069566,no,low_yield
135.04963247670662,1.2859424195170437,0.7407768874337632,0.6106080171704718,yes,low_yield
154.58803882677512,2.250379895317155,0.4721107448638001,0.5468048908706296,yes,success
50.621554269955354,1.9251108710567464,0.40996214702971767,0.4502942763851101,yes,low_yield
139.01640560812442,1.3256739327960705,0.5001055917713194,0.7401063316947745,no,low_yield
167.85562857558733,1.3253711478407857,0.620241349785823,0.5280719739696094,no,low_yield
223.89470223707582,1.3391824743913088,0.21122903677329163,0.10658605928256953,no,low_yield
124.08648908631763,2.5383739917804204,0.1,0.27656270765859947,yes,low_yield
109.57531985534061,1.6909677261157767,0.3898926301016833,0.46283084956145054,yes,low_yield
124.91214782077317,1.7150208235955349,0.25585751481716823,0.5619997966331111,no,no_reaction
195.7701058851037,2.015141727015921,0.3983719604705378,0.48868230222002085,yes,success
166.43755548298424,1.6193945795132567,0.4704439362365057,0.7437941579587326,yes,low_yield
123.51198981164806,1.3704789270896485,0.4093503181953973,0.10977962719227502,no,no_reaction
175.66337165566782,1.4018250754575108,0.7904935068941491,0.528717587301032,yes,low_yield
154.85387746740201,1.464199370292968,0.565348952920464,0.13640415492256902,yes,low_yield
198.43224952664445,1.481388881745079,0.5600948719221657,0.6519424590968337,yes,success
114.89734530613238,1.8638147718184899,0.6244414288086804,0.48110825711159944,yes,low_yield
133.61689267011158,1.5259729429036497,0.27223337644384615,0.5839219944048236,no,no_reaction
130.3945923433921,1.8663200386077896,0.7078223574840538,0.32722340788204674,yes,low_yield
76.82425259339408,1.4596417099457089,0.484847142692908,0.7558929863315502,yes,low_yield
164.8060138532288,1.5393175951580453,0.6340961234482425,0.7083449328117702,yes,success
163.05276360899447,0.5008996577339462,0.2856285533919689,0.6167088606023775,no,no_reaction
150.25567283212305,1.9581638373512407,0.1892482467967871,0.4740965506273118,yes,low_yield
138.27064333124267,1.6732442379489965,0.6635779316050058,0.6159714570590265,yes,success
79.23146289747929,1.9990050549298262,0.5752819052195033,0.3586214864025302,yes,low_yield
128.96773386173206,0.5,0.31958968912849794,0.6711111318041424,yes,low_yield
132.86427417366153,2.544187352390364,0.3260673837450611,0.8298961788647843,yes,low_yield
109.88613653891906,1.4302051859224132,0.7250869568829539,0.7141221119958372,no,low_yield
141.93571441669954,2.054091408368758,0.2621176214265344,0.3540795060385181,no,low_yield
170.20254284072692,0.9800470364372346,0.8285345906511927,0.5722834634546206,yes,low_yield
244.3092950605265,1.8063869525312848,0.3198758530704262,0.24137169124827046,yes,success
158.72889064159196,0.9732922184131719,0.6276783851216766,0.6144780622351351,no,low_yield
162.8775195361382,1.1881155196520974,0.4342763048502031,0.5901206825725078,yes,low_yield
146.27770421169163,2.457015676933393,0.6206374862164686,0.12603673209356714,no,low_yield
54.06143923504793,1.4046587996183266,0.39117719957716146,0.2676432312175272,yes,low_yield
148.67430622753915,1.6087164365898614,0.46744141878554113,0.4433722206512466,no,low_yield
153.01151049705132,1.935033865344377,0.5081838350791442,0.4398280505718347,no,low_yield
273.1621056242643,1.7478409439863023,0.29956250884370544,0.25810461291623893,no,low_yield
140.38195176094388,1.5752094525717881,0.6481648690840252,0.5777957458704368,no,low_yield
165.07736711668062,1.6824805012331128,0.39735728670568293,0.5502947217881025,yes,low_yield
148.26441151473784,2.7017077926191373,0.45428001693199627,0.4611461736042961,no,low_yield
91.5660981190234,1.4711906014832072,0.3011301250782975,0.34884169996832737,yes,low_yield
207.14114072575103,1.6005495233574838,0.1,0.7097414252833127,yes,low_yield
187.5966516343387,2.025327198003806,0.4617944474799662,0.831081422617659,no,low_yield
189.55159735215233,2.052762966478992,0.9825230843225832,0.4032877032306926,no,low_yield
104.53062726026306,2.0935151527801903,0.6569208575796048,0.37756661656903584,no,low_yield
220.13971554680495,1.8193651110145923,0.4961479240531211,0.5982415330823992,yes,success
79.90744686038596,0.9284975436347582,0.44742183415834647,0.42839412405060273,no,no_reaction
179.34285469001352,2.3167157661505478,0.5044931785624093,0.4721205598673532,no,low_yield
259.5227812904989,0.926827303490656,0.609423823035042,0.6479306303449343,yes,success
100.47318374346558,1.6513177326195165,0.26383743693823103,0.11812878249854142,yes,low_yield
121.6851135198614,1.122862074990321,0.7228643389337744,0.7636604649705339,yes,low_yield
154.98256825438207,1.4679308267035038,0.6430762630882488,0.5145361048658683,yes,low_yield
124.82621729419004,1.6643812051517402,0.6436371451415869,0.41770137108756394,no,low_yield
72.46682844669337,1.6606786077251365,0.5876951477619454,0.4821531691557102,no,no_reaction
153.42814874030137,1.7109603771176425,0.503923331538798,0.49248587100410374,no,low_yield
96.88481431369476,2.3068556345293234,0.634572247193364,0.1537597393110149,no,no_reaction
173.67962153175907,1.72676715075699,0.6183628267482756,0.7989876454906473,yes,success
104.02878828830984,1.3779216823546756,0.42919185781179525,0.5082651264541237,no,no_reaction
227.496720250877,1.9820435841441786,0.3852796454206198,0.588600426089475,yes,success
110.83733538318815,2.09473524446232,0.5203712590523973,0.6903099541148086,no,low_yield
133.89692418971623,0.8861960924315038,0.8098040302990375,0.29576750848794,yes,low_yield
190.67586086848348,1.798700034924929,0.25217858486921985,0.5946943798070456,no,low_yield
88.45678417830223,1.850586371155449,0.20649494684951197,0.4464717818202413,yes,low_yield
161.37299673020647,1.351218248320004,0.5329521682473033,0.6693541550432988,yes,low_yield
215.3571377141214,2.18785340665581,0.5101775403712037,0.1,no,low_yield
69.62583827193862,1.4249722064837367,0.5346683328740817,0.4801811399517462,yes,low_yield
159.2316929266152,1.5627882267357711,0.5487906395817,0.3794358688432077,no,low_yield
162.99413971242117,1.413464087858065,0.455359549073039,0.5864525901268312,yes,low_yield
189.09114358886552,1.5077895237907337,0.7979726877204165,0.5940088374736404,no,low_yield
88.1524644560959,0.9518624565523991,0.1798192043046969,0.3584748210355948,yes,low_yield
83.97716934578618,0.7799745587028528,0.3343005950439508,0.3575652271647913,yes,low_yield
176.09707828084487,2.297252531612486,0.4793490479701905,0.4778669262885341,yes,success
164.8492336616593,1.076519325840836,0.17136223776916654,0.3206715545369584,yes,low_yield
162.52464251729384,1.0043038252718464,0.46482911911358576,0.6683967390904254,yes,low_yield
167.3224104748488,0.5,0.8322940331456037,0.42615855991051077,yes,low_yield
115.99876392107547,1.1805191261552488,0.5041772976591924,0.1,yes,low_yield
161.6126848580502,0.8384551032962508,0.5461401811437367,0.4250355886756388,yes,low_yield
164.65362366493406,2.3210075800681844,0.24796704696548394,0.29229123583120553,yes,low_yield
114.2824290986816,2.0049085446713173,0.3767277183921045,0.1737448369078109,no,no_reaction
243.28872555723783,1.155924827411138,0.4249607239352126,0.2525146723554855,yes,low_yield
173.69164604558938,2.6262179026721544,0.43645698064875316,0.521881694366594,yes,success
90.43482513986757,1.9908827434957972,0.7563287590007537,0.7657281656496462,no,low_yield
182.82768043169148,1.3375843082456889,0.6115382121450249,0.562636894772996,yes,success
101.26591648863393,0.5,0.2777084086125936,0.37869932235685205,no,no_reaction
189.3542301871226,2.645471286295371,0.549300955686401,0.5911808390341405,yes,success
207.9297789503702,0.805213766618202,0.5996443496993571,0.4081819379562016,yes,low_yield
108.96588408241448,0.6773006265215541,0.7280298077042533,0.36107992616737106,yes,low_yield
198.16880646221608,2.0112852160048202,0.8161081373136747,0.2691274663534031,no,low_yield
170.63904634682493,2.7198762031696364,0.2969811616344262,0.14963423864965614,no,low_yield
191.1030079997245,2.192136409255259,0.33782849775793233,0.42201525868811096,yes,success
244.8396491326974,1.78195456002618,0.24848442821707672,0.5316106979840264,yes,success
137.73059419985648,1.797377170832643,0.4531960281786037,0.48067526599702204,no,low_yield
112.31319178212553,1.926707779390154,0.5932716748892669,0.41680661441052824,yes,low_yield
105.52427851872383,1.8794642948933826,0.6974669033178204,0.3108507878606438,yes,low_yield
109.2094857517281,1.640595711984688,0.4848097952714954,0.6216492383369937,no,low_yield
146.1449145292948,1.552100551975938,0.4360304953490312,0.236573616010683,no,no_reaction
167.0575987408322,1.468703436050239,0.5303515984497481,0.6552055827686951,yes,low_yield
163.83453996650096,1.123017705566662,0.33297141967399535,0.299556596214655,no,no_reaction
191.35916245180118,1.359662461566613,0.9179077443389547,0.34951295252939296,no,low_yield
150.65009459389535,0.6535215929023073,0.17846779457638823,0.2066429618768646,yes,low_yield
222.67670385786585,1.450830186602625,0.5369481157791449,0.39971957062287267,yes,success
136.7671583381022,1.0057044464245413,0.9047212438459279,0.6950624916955958,yes,low_yield
286.00845832948096,0.9482053413921145,0.5013599689119995,0.6031256176887914,no,low_yield
181.28336738825033,1.5899470755767393,0.4619921929997011,0.695684422405607,no,low_yield
107.14212217918588,2.1960011431722997,0.42851091543791453,0.6044285091867871,yes,low_yield
96.45537509694438,1.9591583030011566,0.4639216636475184,0.27926603429392616,no,no_reaction
174.12362076215928,0.7147496981884115,0.774569694935306,0.43384215513448854,yes,low_yield
138.82686073370746,1.0051859317148313,0.1,0.3439601741765075,yes,low_yield
185.7000247046046,1.970385593994108,0.8066867402592651,0.766114980807808,yes,success
173.66188122867723,1.0087563032308453,0.21520856950997097,0.26064227071473767,yes,low_yield
146.35855436715636,1.3876834250014878,0.44666953415311705,0.6787395378778222,no,low_yield
107.66031409657975,1.775026049512276,0.41415111594026766,0.6785907740217538,yes,low_yield
74.25763876570677,1.0158277725681824,0.6177106539541439,0.8659240403432175,no,no_reaction
127.67425239664894,1.55268775307298,0.18037512962325047,0.41806268147410053,yes,low_yield
192.81993971617362,0.8329872525408978,0.5924345332163886,0.6424644319160324,yes,low_yield
160.7046872065102,1.199316178024393,0.9048619246573706,0.9563303673077685,no,low_yield
87.71306106440059,1.6598909670712685,0.22736519908143787,0.37647166461326065,yes,low_yield
158.6590462925591,0.7035031332341654,0.5379412335220791,0.19299195049352802,yes,low_yield
169.26586898644183,1.7202373689801995,0.3676035644406782,0.12399799321844723,yes,low_yield
105.80712818994334,1.4901811005366594,0.5851774412386072,0.6425424057722663,no,low_yield
157.6862552972764,1.7762449772085738,0.5038295554831504,0.12336995838828324,yes,low_yield
152.9104359223,1.6119570670323307,0.37170261819113803,0.42553618941241544,yes,low_yield
92.85148510846884,2.182070214986922,0.5975744569742147,0.5874626374077921,yes,low_yield
167.88936801741417,1.5626122513239535,0.8608696219573486,0.5370351073659828,yes,success
178.03922631841172,1.2852972294373735,0.46181924165454025,0.5850889728368345,no,low_yield
204.15256215876386,1.561148751516142,0.6439515884296364,0.5444579711601708,yes,success
202.69010260174514,1.771649014518194,0.24134540842576724,0.7557731626626787,yes,low_yield
81.11653160214544,1.5244300351628521,0.3087127246363982,0.3095367238522406,yes,low_yield
103.10874800424386,1.520295845601941,0.5944812555760755,0.3646009723082937,yes,low_yield
175.751763360433,1.1490041560966224,0.796823205707193,0.3454681109458352,no,low_yield
175.68929754561043,1.168549541224526,0.571122669757132,0.666038362372522,yes,low_yield
175.7523843153024,0.7986973641001532,0.4373883938953691,0.6800797176790128,no,low_yield
300.0,2.3747883715934694,0.49985828108467084,0.5902450638637017,yes,success
178.54452553465836,0.8780683823043575,0.2499184532060565,0.7366987333779855,yes,low_yield
206.77828200902994,1.1535474011020463,0.6209030652710734,0.2643918265247238,no,low_yield
197.70008817466012,1.1407963672154013,0.6764666124646819,0.8334448223102274,yes,success
182.5695625652899,1.9474621884722207,0.4095819334333839,0.8046477243424517,no,low_yield
134.23653776798272,1.352525160853986,0.4059915704480997,0.6471243994491493,no,low_yield
187.94846102466337,2.123871036336867,0.5531756459304097,0.856359781754212,yes,success
111.35873927312142,1.1632546878780659,0.4126560527918809,0.1686753584644452,yes,low_yield
138.15906966299957,1.639497081111901,0.48677347707483554,0.39511037274746963,no,low_yield
125.73182260854483,1.0823264733701214,0.9199443578333031,0.3529393078636095,yes,low_yield
154.09370696931612,2.572574563886694,0.45059485985080067,0.6442958647514687,yes,success
265.73292833367543,0.9062007904852436,0.42833196959575554,0.2899718520795709,yes,low_yield
56.636740370412596,1.6549103551135138,0.37049163887296815,0.6514990298674971,yes,low_yield
184.31300951872566,1.8168884404660492,0.6488383942999874,0.7741072287993427,no,low_yield
69.36420644051742,1.7068995487257492,0.4637551653563794,0.6390405800167999,yes,low_yield
126.40340671052833,1.407356170561146,0.3701253923357148,0.5567502047323002,yes,low_yield
204.4475298483683,1.4350896501332868,0.7642608064546024,0.30242533181985015,no,low_yield
153.21400095477313,1.5219057359895547,0.7839206009027275,0.33062980677492704,yes,low_yield
96.1127611035347,1.4264989991857557,0.37991528685225895,0.7499237810593333,yes,low_yield
114.2348145370016,1.9819395583974548,0.12669200972787675,0.6558698007810665,no,no_reaction
183.97988744673378,2.6052615007956756,0.7015027379673844,0.49219609612449117,yes,success
113.48166841414317,1.2212541074960832,0.36307403484799916,0.4164180908468219,no,no_reaction
160.82292947909875,0.8150985102104611,0.6581251198325537,0.1,no,no_reaction
152.27859199519068,1.4558589758243725,0.10597923645763285,0.28582951626311226,yes,low_yield
117.41998261970915,2.789854668827159,0.6785194676598618,0.8822838174279447,yes,success
257.19720446626627,1.0981627160151346,0.25776561414384375,0.24390888579950665,yes,low_yield
181.69595111590056,2.3195584027220337,0.646152823813305,0.5378959642442162,yes,success
48.74287066711965,2.3388504070382203,0.5028546135672868,0.7014887946390397,no,low_yield
159.32271573847137,1.2232058791460028,0.309212116120671,0.24901546639954147,no,no_reaction
116.9106767615806,1.7844915395926377,0.41859273741464387,0.5369420949562167,yes,low_yield
192.6216667398112,2.314198311564269,0.6372636913913402,0.687583107502131,no,low_yield
110.37396307836497,1.3104361295062565,0.5211788906230469,0.5024998643814501,no,low_yield
144.26317792665506,1.398209819948819,0.6168825960944968,1.0,no,low_yield
175.24936394902286,1.209159543025678,0.8952881169030971,0.16628014822436094,yes,low_yield
193.2877597085061,0.9926216346535666,0.18715167765778973,0.7117457059767758,yes,low_yield
89.9851796472112,1.1753612274669964,0.8234425149937248,0.4654396525207071,yes,low_yield
133.27493820795257,0.8880298666188717,0.5208711875046426,0.654384030967335,no,low_yield
126.25273444195219,1.517041734129613,0.32024319033537435,0.5882614303398492,yes,low_yield
117.3335383713144,1.115013384470679,0.233937274852202,0.3533687605780007,yes,low_yield
238.27271201405483,1.616892955895374,0.46217592184459333,0.545799278491868,yes,success
170.2490855480478,0.7220521768981863,0.6843300223848918,0.12841970972034256,yes,low_yield
86.95580228324775,1.6654401161072285,0.47449017592449316,0.6206495001142788,yes,low_yield
195.8930973527388,1.9167644808044624,0.8022309860494695,0.5596316931981051,no,low_yield
256.10780985063167,0.5031321787142723,0.2097648619896882,0.6277320337286205,yes,low_yield
201.62326302755736,1.687028284923786,0.4975822104307891,0.71162366501743,yes,success
74.03150170229932,2.113834496236646,0.2495213111173762,0.5735239680419422,yes,low_yield
125.78829635668743,0.8951794906543973,0.5727263765249936,0.5296178839596553,yes,low_yield
213.34555745933113,2.336286193418852,0.6773774780194601,0.32378633266774154,yes,success
114.61652671906097,1.7095095046830227,0.41584764126378937,0.3575558472701898,yes,low_yield
172.19097140731142,1.1474940721207956,0.1,0.7373469240354662,yes,low_yield
188.73170267146685,1.4721154611711469,0.5397896293592989,0.7872670811411957,yes,success
103.65347642109586,1.7791634562608611,0.587347710346702,0.4523779127375892,yes,low_yield
147.02373219691,1.5380026957062058,0.5808589509923395,0.5092005494506548,yes,low_yield
25.0,1.7693779962231846,0.7471564383644308,0.31907712500124674,no,no_reaction
98.7806179332855,1.0396632034603168,0.28578926407019023,0.734551369053489,no,no_reaction
137.371592430342,1.5846804120180389,0.6360432210900899,0.6330833647383558,yes,low_yield
87.61084090175753,0.7931427515475099,0.738501502495595,0.8882434872927498,yes,low_yield
231.62056519658177,1.44438696932565,0.14428248319869663,0.3243353845640522,no,low_yield
78.49293110196837,1.048046179267605,0.5639303651837955,0.42439842019635654,yes,low_yield
127.99777566515081,1.1322350287051166,0.3991640337984657,0.5462891845051144,no,no_reaction
156.53702886430457,2.118046587605219,0.48369546537967084,0.6292979075451541,no,low_yield
222.06366445330576,2.0456550602971344,0.5695352967076672,0.4568664724904735,yes,success
78.20689244102803,1.8045690604535884,0.4025542871772895,0.3254077819092599,yes,low_yield
208.15818760774798,0.9538436176637105,0.36485838416767763,0.6762815057847142,no,low_yield
150.51165305097936,1.341795775152599,0.506830483497605,0.6442270725091164,yes,low_yield
100.92456744760246,2.1065488499895917,0.2825508122274395,0.31674517988725504,yes,low_yield
173.10517371316354,1.5708584568199524,0.2828349742229629,0.7710885602210992,yes,low_yield
159.9529847786735,2.6596647699908473,0.6358746565913007,0.7340397418393207,yes,success
119.98915614206027,1.696658919697186,0.27024119296826876,0.5268592994495586,no,no_reaction
153.49010424950094,1.5960245582450159,0.6332625001818424,0.5159195724752073,no,low_yield
130.734320156912,1.3454417678987494,0.5925182585707902,0.6108115542231815,no,low_yield
155.6758672625624,1.5667704523911412,0.15483865424188065,0.3276593859487483,yes,low_yield
183.10653372605233,1.423765081809728,0.36448706953286897,0.5060062958328164,yes,low_yield
229.3008408072676,1.8540543383442953,0.7388218806094745,0.1,yes,low_yield
88.10922505865756,1.9783511583972921,0.3037668937720637,0.6752911291005871,yes,low_yield
256.65166873281333,1.1070052697460253,0.40711914753812245,0.1877013555116281,yes,low_yield
52.39561002387491,0.834383523221111,0.5924121786503793,0.8006839656857998,no,no_reaction
142.41074524822082,0.5818973134483517,0.6566781018565191,0.43397598120670994,no,no_reaction
179.41586032422882,1.753995663456272,0.4496922227911009,0.4576666036137646,yes,success
164.04959338675164,0.9483166969130632,0.38049796106167166,0.3744532187830989,no,no_reaction
118.86502400897031,0.5,0.7844739723397016,0.44239222521558474,yes,low_yield
139.59388748213624,1.6942893022654821,0.8477799327595158,0.7837062690296073,yes,success
125.34995326705837,2.7464997587163955,0.6957716101563591,0.1,no,low_yield
120.53176215278943,1.4969645442300534,0.5170636285130048,0.7553930772176376,yes,low_yield
192.48010485105124,1.9192453872258208,0.3383468556718147,0.5676046962203416,no,low_yield
167.85077429825236,1.5409146792737825,0.33391111868868695,0.2585956704285569,no,low_yield
115.35452023696729,1.4505551734044286,0.6045028210531516,0.2849375213901524,yes,low_yield
194.97999377166252,1.9595382414938842,0.5836796441777368,0.8352786054416406,no,low_yield
165.36497604383047,1.3548627279056744,0.7803197185892858,0.31089862401145374,yes,low_yield
190.64310594194802,1.6336961570359514,0.6300900185072278,0.2693298978808081,yes,low_yield
181.48144209618061,1.6608489030980067,0.19938393964803636,0.7274629084729458,yes,low_yield
108.55024945389638,1.1659547731784756,0.7103895235445837,0.5677105752571828,yes,low_yield
121.99094799015153,1.9960211747682615,0.3003878745371174,0.3124148846927202,no,low_yield
187.3646802561631,1.4125201216522956,0.42320574560952967,0.5433249950809238,yes,low_yield
180.51851327167324,1.1221274202535776,0.5500400412503389,0.2948494632719445,no,low_yield
148.95492030179258,1.7682549217852017,0.8991334979567929,0.720164279684521,yes,success
155.8663691654391,1.0507660091044815,1.0,0.7122741929746267,yes,success
213.88324478942124,1.5140905786845642,0.6213446118272365,0.6064012397643886,no,low_yield
120.4214305582085,1.4954405016778982,0.4633606762559224,0.5723322122494033,yes,low_yield
177.3548690585019,2.042947782915789,0.6069011296961101,0.8522376249734748,yes,success
139.89036737830529,1.7373491164399764,0.6775310851747672,0.49993726547764505,yes,low_yield
139.11593983863898,1.4874865206274281,0.4358664748885617,0.26362517491583976,yes,low_yield
204.9388425993595,1.9088831496001435,0.8590422711824645,0.5898947825664613,yes,success
191.27081744940148,2.195103774508657,0.5460141518382804,0.9172094099074228,no,low_yield
190.67548180003192,1.778905153175931,0.5995486178182788,0.29704810136282955,yes,low_yield
215.27394035771647,1.5051763099216904,0.6331848504108923,0.42770744666120286,yes,success
151.05019208163796,0.8440818838249202,0.5843173221228911,0.5832892076202906,no,low_yield
184.0976485647482,0.9674431684623137,0.6677881000939224,0.48921903019885216,yes,low_yield
134.4866621703272,1.347387647822666,0.37654936269061534,0.3035392839245371,no,no_reaction
166.2083176244221,1.1952438989203584,0.3883396492107939,0.7243715712460942,yes,low_yield
143.49284728161578,1.406514348507277,0.279969153405661,0.9640081444034518,yes,low_yield
154.8497982496359,1.5283249624485535,0.5879002461240452,0.5392262918047814,no,low_yield
179.75785127184568,1.7648463771783653,0.6557873007024229,0.31918634205279994,yes,low_yield
109.08896583832637,1.4647506109704544,0.5915545732303772,0.19020789498930496,no,no_reaction
254.619363784273,1.7432508219131009,0.8348984866695075,0.5515951962442361,yes,success
99.6991309250149,1.53223720740506,0.4988807962341907,0.7207754686632515,yes,low_yield
89.29056936061339,0.5122667168230643,0.6337483311185026,0.5950335492990764,yes,low_yield
207.9055436750034,1.0303323030906228,0.28165982477213714,0.49951923181622926,yes,low_yield
189.5831346981468,1.4279562221391924,0.4225800595051198,0.38214566964213875,no,low_yield
181.20599085260775,0.8951526285794462,0.6391075515131555,0.28156727345638205,yes,low_yield
181.417275463214,1.7999643649981023,0.6698204221486288,0.6669502652649765,no,low_yield
149.38766135765428,2.2653754161718487,0.44120661046716353,0.6827543242771171,no,low_yield
105.13728142570842,2.1093809258486584,0.4856801496283866,0.19085404266185335,yes,low_yield
153.7902279096863,1.393278564534896,0.1964252506638381,0.8179677956361369,yes,low_yield
116.14191442439441,2.245363068424976,0.4285941598386781,0.6148142441788003,no,low_yield
198.75598667088755,1.5743337286010557,0.6780766327039572,0.7799189290291587,no,low_yield
142.64713092489308,1.3314570144409803,0.6150410032213133,0.23157445030297696,yes,low_yield
108.72514016037442,1.1932986682295301,0.600133144276242,0.2268351689169122,yes,low_yield
133.93070791735033,1.3487651567559358,0.509954737436192,0.4702061380465406,yes,low_yield
170.6465727137812,1.3059115907293857,0.5014126317256353,0.6005568853790388,no,low_yield
121.81377235980126,1.5852081111877439,0.3679357721053106,0.8592721645853927,yes,low_yield
108.88898022167842,1.5802869905249324,0.6397656840405069,0.6412157827630263,no,low_yield
162.18436057459562,1.5015230100767072,0.584194588877878,0.4514637446375933,yes,low_yield
162.24832855543613,1.718469084873175,0.5984037695985599,0.2947261584668216,yes,low_yield
124.65284123144352,2.0953231373931707,0.3947930314664839,0.74600011454383,yes,low_yield
126.44808471908387,1.974777067720662,0.1,0.30705891484985703,yes,low_yield
161.60249686788183,0.7575510157750482,0.7194305423507391,0.8256937109544644,yes,low_yield
77.59578292513379,0.5,0.4042325087983192,0.4431230700786981,yes,low_yield
79.62681128117224,1.9671599556196369,0.3274448471913759,0.8181164145235701,yes,low_yield
114.0777889373782,0.8165606507922895,0.6386957823827988,0.6357862580118556,yes,low_yield
139.32764241440765,1.3876172990536582,0.4215974720161741,0.47260090211150835,yes,low_yield
165.54537827990023,0.9149434869703202,0.7119872768093244,0.3961207256347747,no,low_yield
223.76781084747762,0.5990097812099902,0.6234011899153395,0.431818424530784,yes,low_yield
192.88298116010097,1.770731364102394,0.6367138646400955,0.5856633384750475,yes,success
142.00307350182865,1.8795775801513235,0.22680885775989312,0.5154312992435434,yes,low_yield
149.04918960486555,1.2117447996366404,0.7423887970772801,0.381237718386259,no,low_yield
99.87353176810956,0.5,0.5522501062467712,0.46687371793647353,yes,low_yield
149.0743432003805,1.2268777758737586,0.42614457215075935,0.5157154059438299,no,low_yield
135.5670680539931,1.6959020027012732,0.5286776934684502,0.1,no,no_reaction
166.13592801690447,0.7605442156129356,0.144752953420336,0.5916336229577397,no,no_reaction
108.63845282238385,1.5916799598895779,0.5817305622961342,0.3040557550566386,yes,low_yield
175.96732571205862,1.4923450754135021,0.2941256983635857,0.26933351935885097,no,low_yield
226.6369456501289,1.7896457498005442,0.22946594283129312,0.1625311305778579,yes,low_yield
144.56199257715713,1.5597901842070767,0.19552816275642176,0.1412215004264219,yes,low_yield
170.08558610494708,1.0134655295592223,0.722537674997985,0.22891049937754215,no,no_reaction
184.5071995855556,2.098285750832246,0.37414732126144223,0.35819580847390187,yes,success
129.9389764057082,1.420735213486515,0.8067455419832998,0.8906518275053137,no,low_yield
161.20462409052084,1.486347730245034,0.39283970738954044,0.3948240648209592,yes,low_yield
150.62962003908973,1.033366020463402,0.15852840848141064,0.5355500212536063,no,no_reaction
154.8838049274416,1.278358874404245,0.2766951120102682,0.5800962773012658,yes,low_yield
111.34951080722668,1.0575986429865496,0.7471623240013877,0.5262130372431697,yes,low_yield
151.22550871294715,1.4135269700382884,0.4688203644126665,0.4845113078548013,yes,low_yield
174.8999145622725,2.3558542400711717,0.3903425407018798,0.26094124728015106,no,low_yield
222.5571803897521,0.8140494285343218,0.5320036451705575,0.7901855096558423,yes,success
197.96354130426033,0.6932193010616294,0.6003565472335091,0.861439328727577,yes,low_yield
257.65912287557785,2.235585163746804,0.7234797631804921,0.16346826117546281,yes,success
111.63262185559753,1.395338161424067,0.7896998459785853,0.2951942818227241,no,no_reaction
193.61603183603393,1.1654636306700417,0.42804627084218283,0.4440379315245988,yes,low_yield
159.1671002869176,2.019952343698038,0.23479046278359234,0.30709244101796174,yes,low_yield
259.4901466608836,1.1971922301315678,0.4173069677753448,0.6011931106911731,yes,success
109.58508573224242,2.413004856773468,0.5520561013165772,0.3543455595186774,yes,low_yield
108.0139078909612,1.8389629356696346,0.3072482147578778,0.9330112135613204,yes,low_yield
120.03036772779889,1.2560442959271487,0.3085698170209914,0.7381097188687192,yes,low_yield
43.80521378450966,2.5786541066327517,0.568757576309977,0.542514806126443,no,low_yield
123.71224891596195,1.1971425384983307,0.49026952968590976,0.7053972526639465,yes,low_yield
112.0433669223151,1.8710476860046534,0.5065593990823173,0.7211800848714618,yes,low_yield
157.51968932381038,1.649646290203246,0.3483009330599861,0.38721050238835136,yes,low_yield
167.08779878885798,2.150870644699399,0.45391985715884653,0.33675655109160707,no,low_yield
243.80854196079432,2.2807555983634265,0.3151533711463391,0.5156286125939294,no,low_yield
197.5211919093025,1.5160020745328833,0.6780396822249574,0.6723272248995888,no,low_yield
121.15481721687985,1.1232910648269083,0.7070498669447505,0.5278120797306836,yes,low_yield
105.0792664325821,1.7299860714695583,0.1307624275523812,0.18460070356180053,yes,low_yield
174.59595857532528,1.1611423151239468,0.314097827961518,0.3394351112098315,yes,low_yield
83.9883396489679,2.5066936237633115,0.20069414898198418,0.48520542728112437,yes,low_yield
241.57293829271768,1.5682676655413688,0.3699952131186204,0.48486687913483395,yes,success
208.97200603606436,1.3173392243439457,0.4833124060419278,0.8945084353579617,no,low_yield
126.54121739476476,1.5923401529324541,0.21007095606029397,0.22280241152020036,no,no_reaction
64.34327354545613,0.8264368552351518,0.3156280373749374,0.601117848367175,no,no_reaction
217.69361870827066,1.0141929807446743,0.29920852558370026,0.7978226216656579,yes,low_yield
144.2730077373691,2.100206953972213,0.5414534658797888,0.9542899490845592,no,low_yield
211.8908155986731,1.1715528605143022,0.5138688674072501,0.4191205153632077,yes,low_yield
70.27861706028165,0.9765445086590302,0.35565248933254934,0.59828589054404,yes,low_yield
120.03124885231136,1.768326376263643,0.5353641744278796,0.6139520714397294,no,low_yield
150.26218498590916,2.0928520773314983,0.3906639830825469,0.5390963463106582,yes,low_yield
152.3490296882371,1.8594766553325335,0.4456689779347893,0.4802309597521388,yes,low_yield
127.49672642603781,1.9980238429029082,0.8346904180597075,0.5871950779000092,yes,success
181.14249661737495,1.1216024557152697,0.7680922103580696,0.1,no,no_reaction
96.61897853087028,0.7890946666290781,0.24008375261448045,0.6364138980125262,no,no_reaction
142.88102574893531,2.2506668259777434,0.6659464835758349,0.5252355807323934,yes,success
156.01478158559493,1.3386600805789322,0.6622793108983185,0.45550502064434695,no,low_yield
175.72194170293744,1.3745834917724764,0.2703473422494763,0.9093724391439115,yes,low_yield
185.5807439044445,2.164097070924529,0.6637555287509721,0.36501319624188955,yes,success
93.76789540810654,1.77811500470033,0.8075863836825106,0.4193848021869938,no,low_yield
73.29429146321888,1.7279438860408038,0.27549103875111725,0.8983106604409468,no,no_reaction
213.88384109492546,2.582501172450542,0.31649943579714723,0.3335877390300287,no,low_yield
166.61570059897957,1.1782408848099286,0.7035322933687005,0.38997694341269223,yes,low_yield
112.57567317217232,1.9639200640406185,0.5542990621651296,0.47059491531383,no,low_yield
227.55759877612616,1.5285065624485423,0.6102952550479046,0.6681468964259099,no,low_yield
155.78373171464293,1.6342961394316284,0.5681178432800994,0.5415605014706627,no,low_yield
208.96485920319134,2.264234213206266,0.5781391841856288,0.24147493056954744,yes,success
153.37592407050545,1.753917878144812,0.23470557433778338,0.3935662873745621,no,low_yield
253.03739624409934,1.7691480395248165,0.7094635413242897,0.37852911335755773,yes,success
237.7670421221602,2.036253668654901,0.7339179984855547,0.48455579095539086,yes,success
137.55179257604632,1.3175236352285573,0.4541218511863945,0.5851687317259658,yes,low_yield
198.57854754771776,1.0803951663304967,0.49130461003722753,0.5836411511775944,yes,low_yield
182.2687974792574,0.9775954029894832,0.19377849948885556,0.14479764919031957,yes,low_yield
218.43157787661744,0.5168217053119991,0.602850951203567,0.7127881975121713,no,low_yield
101.75382697099478,2.528103564970161,0.6144114883428289,0.5505137691993247,yes,success
184.30257299992195,0.9483958171391584,0.4875617966001378,0.7769064095187812,no,low_yield
202.92122434247938,1.389373188207114,0.7248706719741005,0.5888396654581344,yes,success
62.063025678844284,1.3615933500555397,0.4331845538040119,0.7202645915471524,yes,low_yield
90.83707436671125,1.6537033489045503,0.6129211851787201,0.5933090622900254,yes,low_yield
48.03839111199497,1.9078686062696484,0.2960671322615769,0.7692451512405496,yes,low_yield
136.5296582777721,1.9302367441798727,0.4952895698251524,0.6044501272035557,yes,low_yield
185.8771127897981,1.2084612807155308,0.4651291484194328,0.4804169507114192,yes,low_yield
225.11785260480139,1.4164391431067942,0.5450615844081883,0.9544869440893764,yes,success
153.70473902098877,1.6412899752441499,0.4260946142333283,0.6778074244559784,yes,low_yield
231.4307772785646,1.3756544369082264,0.47370548086566644,0.6147488842008826,yes,success
80.99492708925543,2.3036727880099965,0.6652094342883013,0.24473911669233278,yes,low_yield
64.83087803224227,1.7454874758191257,0.4126471525523565,0.24233847650729246,yes,low_yield
147.22261505516906,1.8674388930249086,0.1786845798522641,0.5585430964283706,no,no_reaction
169.20327244696537,1.8314406343337064,0.8499167808410841,0.5291042395536482,no,low_yield
148.36526259529535,2.0867369287426625,0.7762908157380973,0.37717548699833675,no,low_yield
46.62789499800617,1.5905107793518534,0.24154746097887625,0.528196539922412,yes,low_yield
145.54399802436058,0.8515840260220767,0.6379415610490389,0.8177253856087192,no,low_yield
84.77652497475734,1.6998439758763209,0.39940504588973136,0.6390804949100597,no,no_reaction
183.48362744150194,1.1743215531040856,0.5526974430662119,0.2717982980494523,no,low_yield
168.32991230484242,1.2356916591251217,0.5588448258026988,0.47769823457141125,yes,low_yield
103.00601068363224,1.7931820093775466,0.4531184399367356,0.33900670382948783,no,no_reaction
124.30665413316532,2.119141535716818,0.34324686688272066,0.42246001671828776,no,low_yield
97.03932390555242,1.5106357883680308,0.3618917895367481,0.41727686687407145,yes,low_yield
146.8660451363414,1.6544165062994818,0.3167616169037515,0.40447088347919896,no,low_yield
197.75711602506192,2.351107472317619,0.333635558353911,0.24897292560532103,yes,success
100.71369768322282,1.6203765897442841,0.48656434199012893,0.474469063696362,yes,low_yield
175.20232577589223,2.800841557090197,0.3568480021778496,0.387878472630538,yes,success
123.48711908137795,1.7827548228157721,0.636410413142524,0.1,no,no_reaction
110.35635838688279,0.6196186204220911,0.7974492310671855,0.9105944049003326,yes,low_yield
144.64848200227212,1.8766708105522663,0.3839893517259914,0.7177539308433344,yes,low_yield
98.2378838790313,1.6905791924413889,0.5478809001070755,0.4247398550150008,yes,low_yield
122.3175347326409,2.144876377041373,0.5999370220605867,0.5037638099481196,yes,low_yield
90.10610537055757,1.8365906756349792,0.5944004541838549,0.26566913053648766,yes,low_yield
248.23625664581948,1.430772008008113,0.5151910535832175,0.8391445755621731,no,low_yield
151.76317759858642,0.8878508818553171,0.6485364836719445,0.8794577389546223,no,low_yield
115.01372460037072,1.3954883713569874,0.5964497905361315,0.5313387456493049,yes,low_yield
160.6989955367111,1.07473977289535,0.2524675155345404,0.704706128837069,yes,low_yield
144.38359751545852,1.2097382750976386,0.6738312128778546,0.5350573557867848,yes,low_yield
138.95152002333884,1.7942892022103047,0.6774581674533484,0.23265491222481388,no,no_reaction
180.70833500217125,2.334952252175703,0.3473427791642837,0.4176353262072685,yes,success
187.87538550236525,1.6973357649114906,0.5075875670895204,0.5263855933543914,yes,success
123.47494261947362,0.9020584689824078,0.636665798562214,0.40909045625131113,yes,low_yield
121.209087967766,1.7223013341100704,0.4581372360841277,0.4562693445129928,no,low_yield
136.2474151424178,2.0983157433228254,0.7145956095532023,0.4817200884981771,no,low_yield
34.90394176322076,1.195108547840309,0.9727744989238722,0.4838243004269077,no,no_reaction
74.24044689007239,1.4329914166635411,0.3428027934730035,0.5104516980994966,no,no_reaction
218.34371337222623,1.5073440973645986,0.22379107936924503,0.2878789867206798,yes,low_yield
232.24838567506418,1.1075508434588799,0.5607637191209751,0.3565967701744127,yes,low_yield
137.54819802218108,1.8241402169219296,0.6443125010252287,0.24308314686000615,yes,low_yield
178.8278481527883,1.4395259256961093,0.4538267252310462,0.6955631099372401,yes,low_yield
165.5625077271768,1.709766221953514,0.7906521326642069,0.1,yes,low_yield
300.0,1.05625391109895,0.2322788400553502,0.7307180686633851,yes,success
205.97874557172884,1.2812708498382948,0.6385837246063222,0.7772698794525688,yes,success
143.60412042596167,1.8611906789138857,0.37882783584822133,0.43956388260347573,no,low_yield
102.22297796997871,1.3135834239541164,0.8438755812414593,0.1,no,no_reaction
69.67768398712137,2.3634819256167026,0.8985030706336237,0.4277378876065419,no,low_yield
160.17318179336115,1.3001819071926988,0.3466686824433304,0.48716316774223617,no,low_yield
112.18246273578484,1.612342362875943,0.39008857281828396,0.2978803560142173,yes,low_yield
78.88731452011629,1.9662954159365449,0.6719175773959604,0.39695632123835145,no,no_reaction
117.67135578787367,0.7908171335334842,0.42257387004209707,0.8060390397726702,yes,low_yield
95.92259981928025,0.6195955940096121,0.49091775641355234,0.6329854324603482,no,no_reaction
234.35708175362822,0.7371718427149526,0.5050776841084821,0.31508717712438,yes,low_yield
194.08198784747253,2.131292051713591,0.11606536876046869,0.18048016608091355,no,low_yield
149.60136793416913,1.2240709270537766,0.4972324507811525,0.43459653647804575,yes,low_yield
223.99720694450127,2.779099642834126,0.36205444518716523,0.45730864412991235,yes,success
153.8684153823809,1.2178762006713058,0.4013754355200456,0.5992398374726633,no,low_yield
106.93578993358682,1.5922756515985186,0.7887264006937629,0.3929366574864682,yes,low_yield
226.15620386348286,2.2710549762839376,0.2486986211441487,0.6022999150723722,no,low_yield
176.94550218423294,2.5030464440795615,0.6626410373495955,0.8870308080120459,no,low_yield
98.13769228367718,2.5307517883181987,0.4442074139336383,0.6631002044888525,no,low_yield
140.4830660958196,2.1041831152965713,0.4440479663008331,0.49038229853384546,no,low_yield
106.21908733076214,2.0120312629057313,0.6580743792103423,0.46336990578934106,no,low_yield
80.8600134517832,1.7962634746005914,0.5680102589137781,0.42866537316402575,yes,low_yield
196.30887737658207,1.8891805380833189,0.6141225994439062,0.7361281824904289,no,low_yield
245.47083202350652,1.2244071418357332,0.6936369321065723,0.3745373108097394,no,low_yield
80.07162130904294,1.0909005582888465,0.43373832336333545,0.5090445417999965,no,no_reaction
178.14846183452855,1.498312771294524,0.37755265309844993,0.5102395803762171,yes,low_yield
117.46787154390864,1.4149076887375358,0.28296989468844036,0.39964316143769363,no,no_reaction
125.6437308117652,1.2733859753363623,0.33491789400420896,0.22550689042317984,no,no_reaction
120.38030378805654,1.8481937237283577,1.0,0.5645949007235336,no,low_yield
106.8004615160092,1.9776526042852554,0.7489359161473573,0.4877992056289233,yes,low_yield
152.42608139724135,1.5442034431459237,0.22978512675839574,0.600048093887314,yes,low_yield
108.45249417944811,2.238765040527631,0.23550840865128597,0.3932799387121666,yes,low_yield
163.52284128899194,0.9291554429332475,0.5963732123436983,0.7441642597626096,no,low_yield
147.48809452754315,1.403170270360141,0.6094529594755934,0.32464524375763104,no,low_yield
138.05259765667952,1.1415888396985976,0.6097767670634728,0.8424080568035786,yes,low_yield
104.6218168979201,0.56673169146347,0.44900884128926044,0.15047269803434765,yes,low_yield
121.16143347158336,1.4586596570786503,0.47490914799941997,0.5869540129113783,yes,low_yield
187.7695612912878,1.4391262458083582,0.5655759048318715,0.5950861365053247,yes,success
175.04585938121903,2.2567248716210653,0.5171786012586661,0.3408885864118235,no,low_yield
101.12223776007244,1.8154058422773889,0.1,0.5848787875722026,no,no_reaction
154.9666152714613,0.9879065878353975,0.45404007388496126,0.7559037339520318,yes,low_yield
187.56935616858945,2.427046283167094,0.32971871314793727,0.1,yes,low_yield
66.52973594393141,2.1105168477626766,0.5350422837817024,0.600548961498163,yes,low_yield
177.16800961899676,1.791048851734308,1.0,0.1,no,no_reaction
116.86881205270767,1.386757950575084,0.5734963330948609,0.3068670392953584,yes,low_yield
178.52993342965797,1.0202803816382602,0.4372940627655204,0.825833272980189,yes,low_yield
111.83704217287416,1.3138966119644735,0.6843603003954505,0.3836435933215892,yes,low_yield
59.75589496677405,2.044374309852093,0.5965375774418425,0.2652240071182055,no,no_reaction
68.62287810584186,2.4422931529673044,0.5840188980903682,0.46041245420306365,no,low_yield
152.4042473330691,2.2716217641360945,0.6213701186431342,0.9135812676327104,no,low_yield
162.98612508607408,1.255575289106863,0.9113087129659083,0.13366355055879475,yes,low_yield
104.78416874477958,0.9401912833554944,0.27382231293481685,0.2897380176721311,yes,low_yield
181.9296229388687,1.570443123455602,0.5947264153622909,0.7994863366359253,yes,success
66.923996886552,0.6157803172185742,0.31472377400369234,0.8715404687075465,no,no_reaction
146.69601006763418,1.6615838570923906,0.6111025292684497,0.4793137551419432,yes,low_yield
89.44919001187716,1.4261987068506656,0.31626269770278115,0.25218945949467153,yes,low_yield
117.40819460989204,1.2669817490658788,0.4165266372789831,0.9191687003618318,no,no_reaction
152.3699335658207,0.7026484663666023,0.44098201715241875,0.8188884783498394,no,no_reaction
106.97933173580239,1.7568000532848582,0.6951633438689419,0.6357893975524466,yes,low_yield
130.77222278850874,1.2336495801690444,0.6836908887884827,0.337519530212516,yes,low_yield
200.31464046072202,0.915041582144856,0.25085652471072306,0.49019413183239263,yes,low_yield
121.15540652384256,0.5,0.5109868221999697,0.46792798379103384,no,no_reaction
191.7846056032571,1.4862425474746819,0.35808402905016545,0.5661702609231155,no,low_yield
93.51465726711909,2.386125798334872,0.24829901786493308,0.7902002876262673,yes,low_yield
176.49020889576414,2.330629607273935,0.4565965899151259,0.6758834082274806,yes,success
222.07843103289503,1.2714518717068641,0.43830344230883606,0.2845247846030483,no,low_yield
26.417774993635533,1.1988939698191097,0.9853432972691045,0.7752992900039075,no,no_reaction
110.15523722647616,1.7343871280375118,0.5865919650721392,0.5626264280026311,yes,low_yield
178.853606359027,1.0008072804058543,0.22447649984915252,0.6374131591717833,yes,low_yield
139.84773069785035,1.6508959499097329,0.38704519916581154,0.7933081718557207,yes,low_yield
168.55729366856545,1.883040139192345,0.7042766590858797,0.27768395009728974,yes,low_yield
119.80074066420897,2.1134666119421537,0.917688554573985,0.4928348842587074,no,low_yield
154.329489373645,1.4499229617600236,0.1828033375524083,0.393709089728157,no,no_reaction
142.216138230396,1.398163124911517,0.12401512297219097,0.1864281149269088,no,no_reaction
208.38910308299037,1.0610087066217195,0.8741930350743565,0.569341995520984,yes,success
162.72104216506065,1.08655982298007,0.5779228354741808,1.0,no,low_yield
166.8801331037601,1.3867605540492367,0.32634145362472666,0.13198445109884943,yes,low_yield
129.40615169387664,1.683682753408089,0.6069258172244871,0.49354387779010594,yes,low_yield
125.61968879637533,1.9567923131166247,0.1,0.6281085870149548,yes,low_yield
128.37209060901895,1.0984105246598275,0.5006751013194322,0.5246156403312362,yes,low_yield
169.72260711891485,2.2463442844797608,0.565564234568617,0.4773743894968519,no,low_yield
128.95077595898687,1.3644381994787156,0.684854027907566,0.24015672731083515,yes,low_yield
164.48874284482065,1.489316352825782,0.29722080954149244,0.5465573485880327,yes,low_yield
253.77003993227194,1.1263941604260883,0.5171374322806718,0.34864720459681475,yes,success
193.5562351715846,0.5,0.31491507478808256,0.1,yes,low_yield
133.69882339160793,1.9420226981805249,0.5510767511348634,0.7389184441027461,yes,low_yield
210.06069610819725,1.8684219485462168,0.32093073552739515,0.6916771639684085,yes,success
129.59623134892243,1.3593362214408933,0.4183798321679559,0.510332195370216,no,low_yield
48.0937732411073,1.533495358612436,0.30083692104195414,0.5458149376411405,yes,low_yield
99.5956844541298,1.7579696088520498,0.6302272483647314,0.7148636025431123,yes,low_yield
56.46040394870721,0.7187270715567287,0.6716902233313331,0.5448679313556165,yes,low_yield
132.42432579793456,1.2354736613268527,0.4530758860085172,0.6808035109522629,no,low_yield
150.92091895947758,1.8971323398109137,0.5076475989920056,0.44050355982523,yes,low_yield
233.82186561376415,0.8728552884153753,0.21028171707329119,0.7623967477147893,yes,low_yield
166.34636868820814,1.6467789660833145,0.4400646703986426,0.5641571451865368,yes,low_yield
139.04497355955678,0.8217090976882975,0.48995907659165105,0.5388103887211748,yes,low_yield
191.47027905917446,1.7332149912167631,1.0,0.2459877822575936,yes,low_yield
39.44323454960575,1.4821792588512581,0.27760659484516725,0.5573911708603417,no,no_reaction
161.7807279054283,0.6924340920472453,0.7928354477504875,0.33360901650110975,no,no_reaction
188.54325969434834,2.0823696772285856,0.6993717546931616,0.3723434546943012,yes,success
76.07068771100792,1.1327042116009753,0.5561272808980273,0.33692487433677576,no,no_reaction
207.18770216034645,1.0948737814928096,0.8517240968390267,0.286753013620155,no,low_yield
166.9248203747207,1.6002845986154715,0.5744210945213726,0.9249542806033924,yes,success
129.23560430495994,2.0743186747143576,0.5778318391335857,0.7662678123976807,yes,success
181.63909330531425,0.9920890905108015,0.4893758693964909,0.8840735004288522,yes,low_yield
263.5346428902198,1.530839924923986,0.7447137764837255,0.25542099608888724,yes,success
159.09331275292476,1.7144082501652864,0.7192938467621768,0.5142507499821785,no,low_yield
162.4110293150168,1.846552803631572,0.3748645425007575,0.24129847495918083,no,low_yield
127.0319550229878,1.5882207776386126,0.2361505610802465,0.3608610245605872,no,no_reaction
107.50778152676041,1.316486080458339,0.45940387252086856,0.316374603316685,no,no_reaction
191.51679082721228,1.0862048896756402,0.3399922871204707,0.7479168012883123,yes,low_yield
107.19580870455664,1.5430719415231873,0.487295085076929,0.420754064379648,yes,low_yield
153.57831186096962,0.9639304940071965,0.7474876269368278,0.7136758667388032,no,low_yield
126.11712766174416,0.5,0.408539668982642,0.6208241779177036,yes,low_yield
173.9489912873196,1.718279902078834,0.491435323737685,0.9607277504209578,no,low_yield
166.6831052643474,1.9519674205430977,0.511604546961679,0.2041111553720552,no,low_yield
201.87699721289496,0.5,0.6696861764410569,0.7518466479573598,no,low_yield
124.49918005726265,0.9951346476450312,0.1,0.7292881740801456,no,no_reaction
136.50625323533143,1.809577130502599,0.3786599410469407,0.30532423239459305,yes,low_yield
101.06181421088463,2.528747734855849,0.5422567384558945,0.7014266672946319,no,low_yield
127.78533699619442,1.510396853837704,0.7400157912853722,0.5672289926052457,no,low_yield
168.8650246522426,1.1359985293854327,0.401619510498759,0.45450474800931845,yes,low_yield
187.8494308322676,1.40855177944758,0.12468945879162519,0.3352129026056001,no,no_reaction
103.89173379111872,2.1874382095740925,0.6239422891932273,0.35617810971016284,yes,low_yield
193.480296005283,1.1770179104377323,0.37292752223487413,0.9099624191571852,no,low_yield
217.78189294024753,1.1004039966748733,0.2620666681819277,0.5001365637914965,yes,low_yield
170.67174516118504,1.2586282389089838,0.3751309220573552,0.6564260003062918,yes,low_yield
243.8397906279033,1.0233356958706439,0.4630949284688301,0.3418201236664894,yes,low_yield
111.31054004482135,1.5613351579973977,0.3790510670923575,0.3440294107556722,no,no_reaction
87.76726483442914,2.31233922923478,0.1,0.7163969618499885,yes,low_yield
61.06398755478607,1.6615396365580146,0.6794132393774265,0.23008475768969355,yes,low_yield
224.80221557445915,1.3738232489368563,0.7549750082557445,0.4169572464189457,yes,success
182.71828281770289,1.354094365542228,0.6303043982679012,0.5068054822144464,no,low_yield
147.22076645447726,0.7184045956516715,0.27246286591503666,0.5222745203680105,yes,low_yield
163.998431315991,1.9415548885735796,0.4597016932104964,0.4641813429967687,yes,success
93.72554763508117,1.4610814014935989,0.4986957369541084,0.5791639562191846,no,low_yield
272.2875989808413,1.4097600432046873,0.619758877912382,0.6385711511635623,yes,success
156.46105909876138,3.0,0.6336680977436162,0.646927509091866,no,low_yield
155.46973973024464,1.649376454182843,0.35316524024430085,0.30283923826643466,yes,low_yield
186.28833119493459,1.1241044749524078,0.5163991112827121,0.4431689804142406,no,low_yield
174.05046158683567,1.2868212018972283,0.5914560809230482,0.7389525723753876,yes,success
161.19420121395657,2.0742228545983776,0.7911644644293534,0.6789294375147745,yes,success
110.47627722773441,1.5566352052688823,0.6409013079649446,0.22542810970378718,no,no_reaction
173.57341785679978,0.7808610108413166,0.6578113374751038,0.5702959800704404,yes,low_yield
244.1012248237517,1.9596144672876017,0.5167653255858722,0.10435495012503793,no,low_yield
217.2710023077489,1.165927957230503,0.7820918290407008,0.509386980412074,yes,success
229.65933133196984,2.4366488881087727,0.5819525591918995,0.8795534033491954,yes,success
124.43921617844074,2.0400240328573243,0.3277824179652859,0.31042145654620273,yes,low_yield
100.51975898707096,1.2763390521706244,0.7806739940250382,0.33313539090168354,no,no_reaction
143.7106539950176,2.1405081808675566,0.6395806545078055,0.652805956314572,yes,success
152.78624561443473,1.5339277552637016,0.41139119577430355,0.19143969695807078,yes,low_yield
204.70957592354742,1.9263868375611097,0.4041014065201513,0.37344899402299214,yes,success
65.37676851425903,1.7423664086472375,0.5593151090281524,0.6192882275163505,yes,low_yield
226.47751597303068,1.0768216725045632,0.592636959053517,0.3731428304621194,yes,low_yield
142.09960507105052,1.178225083841269,0.5394584531262413,0.4528060025578057,no,low_yield
128.655946502629,2.0149804087905805,0.562261734688577,0.6488371420630069,yes,success
99.39478123699163,1.3326123339467295,0.8399914749152761,0.5843092167073123,no,low_yield
67.25716640671153,1.2981757683790016,0.7143086304469771,0.5533636792590804,yes,low_yield
191.15852919809572,1.0224387103253236,0.5381271182530049,0.43217554414599224,no,low_yield
153.6658983594202,1.7117995327967306,0.6882621161534966,0.5740122230537911,no,low_yield
85.5019550129473,2.5312624596215727,0.29349521929449207,0.4752534639800487,yes,low_yield
85.2460613968192,0.9662335428728636,0.5795854099893618,0.591561121985157,no,no_reaction
133.21076503549358,1.5121097283363791,0.861861269946622,0.40061359497640436,yes,low_yield
233.45107626446963,2.2061102777077144,0.4563908209215252,0.4634862051240918,no,low_yield
137.02043243181976,1.4601793043771425,0.33047321427618304,0.3020084414895972,no,no_reaction
74.8428523440947,1.726185898124867,0.3695822222813878,0.4929984779987528,yes,low_yield
137.71284679570277,0.9688032359265601,0.2820733925315223,0.337799827274231,yes,low_yield
136.36382151261648,1.7141535486038242,0.3430476183744593,0.2771907099676013,yes,low_yield
25.0,1.4064278674977255,0.4258983802819942,0.5517322295710776,yes,low_yield
147.28525667410938,1.9928649978399315,0.21888659616427159,0.5425479551715321,yes,low_yield
138.4532734895661,2.0936930257823754,0.5031236667899206,0.6565747469897145,yes,success
184.8103182406709,2.794781821009307,0.6804554347573295,0.4137748860849802,yes,success
242.44780474726724,1.7898165866067879,0.31844876397061594,0.5816105693673511,no,low_yield
206.32825147738788,1.6628981582910831,0.8038567847283538,0.6101595144547327,yes,success
136.55556547225848,1.597192150788668,0.6021584177055189,0.588954761566319,yes,low_yield
94.67370456291648,1.3234168535946558,0.7061161171248115,0.3348692634395716,no,no_reaction
278.667990162493,1.6692419217308456,0.3684330892295726,0.5298726964542377,yes,success
152.9609217007244,1.3522992949304853,0.6709050454133232,0.5728280592109323,yes,low_yield
150.6964645956473,1.584230488134807,0.28161321992093735,0.5014356933815884,yes,low_yield
148.79374564449984,2.15879876780398,0.6780495001673017,0.1,no,no_reaction
159.90423803839275,0.9967287173601794,0.5343678679587063,0.532097924794696,no,low_yield
142.78197940380286,2.0699392805645225,0.6106502439969568,0.9425062078794484,yes,success
121.31689965598818,2.1585575336699327,0.26488107887502965,0.42799214624860343,no,low_yield
122.6570529379804,1.4409657365044606,0.3209860315446791,0.3543845804289357,yes,low_yield
148.3623364892001,0.5,0.619445643650677,0.5746697119422797,no,low_yield
122.82876144331175,1.1960890064527838,0.3103303991551598,0.5624756420933144,no,no_reaction
114.35771086614179,2.1484972732805545,0.5926412584198246,0.7385470330832828,no,low_yield
155.32151138459483,1.488565968850559,0.22657243870795085,0.24842636881822244,yes,low_yield
137.25113912895725,1.0003488838525447,0.6696348425333336,0.6462760505149985,yes,low_yield
225.1996494291344,1.2476125393858912,0.2534953370462982,0.6180844122502926,yes,low_yield
25.0,1.9203100132522766,0.6104599875359047,0.4715706926118908,no,no_reaction
204.57534259612308,1.7733667841006897,0.6251261867292002,0.567737463584338,yes,success
212.30425962488147,1.3805339504151528,0.36064563631408497,0.7058914963196714,no,low_yield
46.33048837959252,1.3165877940926562,0.6164053134169454,0.6744630760056901,no,no_reaction
132.86562029598255,1.304120925478089,0.5520884526667111,0.27139613758525427,yes,low_yield
131.42795670021042,1.0387949077507488,0.39223162876145234,0.6640316373510969,no,no_reaction
79.62441526410893,2.307687844734721,0.29828906318475834,0.4870622789934963,no,no_reaction
111.10916562045624,1.33883976539433,0.10747486166548414,0.514574819603103,no,no_reaction
94.47120772670857,2.108579260412748,0.5699300094599388,0.5146393982003389,no,low_yield
237.61352217118113,2.2606580259612254,0.18703944572758896,0.469951402240348,no,low_yield
196.78391965737305,1.9991554490739802,0.5190688398882617,0.738341499421413,yes,success
213.57775474970794,1.2841898436409758,0.4473103567835502,0.48325640803015757,no,low_yield
186.08360320216175,1.7018650451683048,0.6358285550876391,0.27609077432336626,yes,low_yield
93.54741143913854,1.4879021968045418,0.43959090010202717,0.4212940288060542,no,no_reaction
123.77398668601131,1.048149069634936,0.43411044273058175,0.5357389433620952,no,no_reaction
174.4687280613959,1.6621796408608014,0.6463741408576591,0.74584295685941,yes,success
88.89360955540273,0.9104801044200987,0.5670116058168235,0.6206189369897668,no,no_reaction
185.6499215086194,2.0938396942307818,0.5632311914365556,0.32989294425059124,yes,success
137.98373009209325,1.2676913513508035,0.5938535179617053,0.9970379833357783,yes,low_yield
131.25895962252014,1.6005798279364196,0.1928855753585788,0.5529550621955959,yes,low_yield
185.54799841017456,1.641643935773071,0.6513577359973964,0.755078147599803,no,low_yield
172.213165574302,1.3705475131479614,0.6224937588027205,0.4696571132845542,no,low_yield
131.951691709046,1.7933469007376375,0.2966633742847006,0.6066718489410898,no,low_yield
207.9664901682124,1.2625481716887377,0.4511839052651597,0.6678937009036809,yes,low_yield
95.94683362000514,1.935648648728622,0.49213854247447375,0.7436389423508512,no,low_yield
180.7967803472132,0.8270101598766257,0.47310064311965344,0.711473661075645,no,low_yield
179.6550628984192,1.5631897897732059,0.566771993313707,0.6744394000145956,yes,success
134.5226780343005,2.4694644995291424,0.7862733563662367,0.4369826537611783,yes,success
166.3066511121059,0.9998343376972126,0.7163533455345658,0.38565079160878774,yes,low_yield
87.44432118073485,1.1611275147375744,0.23755616131371876,0.5665215020648395,no,no_reaction
196.20135096034505,1.7569539248294574,0.6244139980612098,0.6866256144682139,no,low_yield
140.75489317785053,1.589790890969799,0.7657866639070819,0.45545585984467857,no,low_yield
123.86384897404803,1.6753150496367797,0.5773617041378405,0.7130343931428773,yes,low_yield
202.45046129184448,1.7445935650738318,0.7181960850371933,0.7905233490972359,no,low_yield
114.78281547286204,1.8173607342808848,0.9024540891401531,0.31673581618531604,yes,low_yield
79.57693518182202,2.0548499209781115,0.7047419092213962,0.332615859240744,yes,low_yield
72.16854132380482,1.7049093284642562,0.5498617191283458,0.4719249882189327,no,no_reaction
180.30049756728198,1.3793711726907287,0.7090176948169506,0.5615225336378393,yes,success
85.97853237518585,1.8362868506013656,0.5289775666193782,0.3950865972465898,no,no_reaction
237.73970909921823,2.449940967447608,0.5047806086569911,0.770440535773429,yes,success
45.9035296058139,1.4336831268087131,0.4297171528572535,0.5848133723036902,no,no_reaction
234.8228184145019,1.0127353476646792,0.8126826717664217,0.5078894096481479,yes,success
160.5508733601309,2.053540334643486,0.3363142668115997,0.21281809522629447,yes,low_yield
145.16434440648038,1.4398094180232008,0.8064735449356233,0.23683683671449857,yes,low_yield
122.75404565955252,0.5,0.5999728247480742,0.5562018500563612,yes,low_yield
169.95680571760354,1.9237108385752109,0.22013876503961166,0.1,no,low_yield
148.11826487875757,1.2323359070230386,0.5735298585982843,0.7025274819288143,yes,low_yield
205.16509410082608,1.4547333588479197,0.1,0.46836923112553597,no,low_yield
155.711382433102,1.6659901652845073,0.6251016033662071,1.0,no,low_yield
157.5150880730939,1.5952498398895332,0.6770462965977982,0.9615832501232222,yes,success
131.81938938930722,1.8547259085695198,0.3815288088695893,0.46371018615049664,yes,low_yield
147.15271881394662,1.2822568147150784,0.5247095391911165,0.47873259949373703,no,low_yield
165.39008844460295,1.7565528990880415,0.8908314867500573,0.6991163028004059,no,low_yield
64.49158036716872,1.3702266612080414,0.39885065914761264,0.8406345219836076,no,no_reaction
82.59072889471435,1.8694052404437516,0.2882184825886799,0.17239418851279664,yes,low_yield
187.16320470113575,1.8076837420065268,0.7963326804925197,0.14272490692906264,no,low_yield
158.54327190639708,1.0322806489777023,0.8925174381061589,0.3755930388891237,yes,low_yield
140.80083318236603,2.042991058087516,0.5007391343695695,0.6165475166347729,no,low_yield
150.92169665326966,1.232018277442976,0.7022926070816713,0.5993747181015194,no,low_yield
167.37908526808354,1.9040288991405725,0.7682951831061762,0.71395429099677,yes,success
123.01201598453193,1.6836436567006703,0.3515031534923232,0.26006049432693834,yes,low_yield
111.08476372988437,2.419091838397561,0.40293883292642635,0.1,yes,low_yield
159.79226275488406,1.3882670088140738,0.746174902630947,0.6716028390604291,yes,success
101.0813611192484,1.3253416019409012,0.837002855741702,0.33436074540695304,no,no_reaction
170.4126377857236,1.4902901970561337,0.612576172034871,0.1,yes,low_yield
64.87081978810798,1.3484101085828624,0.32403712929958917,0.5290127491918764,yes,low_yield
201.45778186628218,1.899970950971025,0.8974122223398883,0.6586351376437355,yes,success
173.62987412065215,0.691844695781706,0.3938058204376071,0.4755885735757445,no,no_reaction
162.80148671569378,0.973158790426823,0.43297244376570965,0.40843032276350216,no,low_yield
199.1345491972757,0.9660985392104035,0.5684675668979243,0.4681275535708187,yes,low_yield
233.27372222312883,1.9751537959867878,0.8108320841429548,0.4258834475198434,yes,success
200.7185032509065,2.3553066862909624,0.6707951953104447,0.23039057761196657,no,low_yield
57.95628843341774,1.4477753907312643,0.5829731000723821,0.35706386460191364,no,no_reaction
86.02115166321492,1.4155891384049948,0.5926577060236212,0.6042559810027629,yes,low_yield
118.75907111521606,1.5350260815565906,0.5087029337286932,0.5643357082753,yes,low_yield
151.3045525105417,2.0809391513040953,0.6116279029037013,0.5336119611933641,yes,success
175.88295102345614,1.0363234329047128,0.1,0.3009703036293241,yes,low_yield
113.71280934232672,1.6191844913673925,0.4406785081860403,0.46369936757286656,yes,low_yield
159.33833822385392,1.987598814891215,0.5482643869833562,0.1,no,no_reaction
112.23085338233388,1.7505470849699227,0.2697971832760986,0.5356953327770779,yes,low_yield
119.42410985040259,1.5947908082993716,0.577264663562312,0.7857715415627136,no,low_yield
79.66694515758888,2.0005230462835706,0.4591057558027757,0.20517357359157884,yes,low_yield
103.8383376944548,0.5,0.851095139663098,0.3828144653364489,no,no_reaction
82.41576971918332,1.8389376597654539,0.8146039450429713,0.565821355742026,no,low_yield
101.20633735113336,1.1729621584362881,0.40683888617636743,0.7505685268854967,yes,low_yield
202.682089830392,0.5846835515717715,0.46983245768666093,0.4103550767399701,yes,low_yield
102.53005555840285,1.7556012997624904,0.48521048687832147,0.3615499341468207,no,no_reaction
281.61910324186954,2.1868292725814786,0.40966810476807547,0.10621537151678334,yes,success
174.66589504404448,1.431275742686154,0.5390049968056253,0.5206876258616213,yes,low_yield
159.2418061847437,1.9764372736014695,0.34834358622248196,0.9084152080287489,yes,low_yield
107.08211099093933,2.3061391289943227,0.2738769330124947,0.5554716923929351,no,low_yield
185.01549397044957,2.157457226792024,0.6245422447800537,0.49554420416325734,yes,success
121.2181086881113,2.3199822646856965,0.6259059168443621,0.5644164621533971,no,low_yield
156.10049073226807,1.8710637455359462,0.3391368480680015,0.4977815992102796,yes,low_yield
278.00422691343977,1.5377168194507964,0.67907108615252,0.337397125547974,no,low_yield
145.1970050137675,0.6990170940514158,0.37368445416693374,0.6646559831355411,yes,low_yield
207.46366631428378,1.3769687559350257,0.5506330476075962,0.5451523046223509,no,low_yield
114.84117874370563,1.0783767023419042,0.6640688025224912,0.5035226503867315,yes,low_yield
148.25057547515192,2.585471358748907,0.4932774870592574,0.30492679454435,no,low_yield
238.5400317817755,1.4120570937838317,0.5909481824282269,0.7607015863869518,no,low_yield
118.65164711061163,1.5616024033922429,0.39671407122248564,0.632940549066622,yes,low_yield
240.62242789984646,1.7757426880202338,0.4607066833143806,0.3894158325265396,yes,success
185.38759677277378,1.5218012231862268,0.4588281138239319,0.7003649707363875,yes,low_yield
121.87666120528661,2.3475255202153766,0.3506843306919522,0.40048583232295853,yes,low_yield
181.62038695277604,1.188675319132774,0.4646451673768436,0.3435993014977926,no,low_yield
198.6277224813365,1.5973037276186213,0.19027634022725065,0.3480593765039426,yes,low_yield
181.0904981108598,1.1287647071509759,0.4017692505715791,0.14578628938238175,yes,low_yield
71.48876400547718,0.8399887443896471,0.4430249013260658,0.5943084760836411,no,no_reaction
113.64314120875656,1.1941154545473573,0.44876404950092397,0.13377102433232996,yes,low_yield
137.62406822242477,1.4814816014757939,0.4517005108258442,0.2543112337468475,yes,low_yield
146.2783285449977,1.2853488877413701,0.4876471600279742,0.1,yes,low_yield
181.0336048775339,1.153789510063072,0.5958883036172128,0.4827860614418214,no,low_yield
158.88505004666268,0.7968412681640831,0.6749034148265045,0.46993590794562556,no,low_yield
83.23278206449494,1.4584472136856526,0.37004695463034654,0.4346607573627272,no,no_reaction
169.00989255029816,0.7476398129844989,0.25935982892217113,0.29148446106588477,yes,low_yield
180.52928726419117,1.8800279818448014,0.2915911175513794,0.265553249312672,no,low_yield
177.989522396552,1.5412198764672516,0.40255941576101456,0.5928739727093149,yes,low_yield
204.0390362777311,0.7712242502675347,0.42961573643669815,0.38988961365830244,yes,low_yield
191.6961077274452,1.3453954614750683,0.3460007867605085,0.563271664307229,yes,low_yield
172.95900396142184,1.1239217972047084,0.2407766671500211,0.3229502627751555,yes,low_yield
146.49171442706765,1.6595872552095903,0.40877583450516236,0.5362125485542165,yes,low_yield
66.95195332420043,2.170225223011572,0.5362853240227943,0.7606556074632127,yes,low_yield
171.4809109566293,0.5624137651771277,0.619005893167113,0.6172331600785567,yes,low_yield
160.38438435815556,1.5575130395737087,0.38851538937833574,0.4175172363567039,yes,low_yield
163.57894185976866,1.4199336022166797,0.4174004355713132,0.5514397940711855,no,low_yield
86.16257120898453,1.835670038225233,0.31466033823053785,0.4518669650939574,yes,low_yield
95.94717297958688,1.6065983141188447,0.49371216592504474,0.5015760369389456,no,low_yield
202.6576426666452,1.1240153341305905,0.33031427316183704,0.43487778957029927,yes,low_yield
148.02224230716726,1.340473032166691,0.61462556264824,0.4671329588229218,no,low_yield
184.07503486863123,1.1019870715982556,0.14282670161317773,0.5424186706148351,yes,low_yield
151.41591880652305,2.038003569299299,0.4280740655095075,0.30132826008360986,yes,low_yield
151.48780697478725,1.5106558243359711,0.5602214678383484,0.29682423460200436,yes,low_yield
196.9141902987999,2.450595342876504,0.5367669032645008,0.2222914892337578,no,low_yield
124.19776358913131,1.4696695930926895,1.0,0.17994577909925802,no,no_reaction
154.80603884704917,1.1457966165447686,0.5699600049135816,0.25654346155590413,yes,low_yield
126.88623556474788,0.7431428036935864,0.29918908063159794,0.5318925013608259,yes,low_yield
128.27518862838423,0.5984301618720275,0.4809071505821854,0.3214424969016232,no,no_reaction
134.54139382656803,0.7079320284972551,0.14475073330670962,0.6027228928462193,no,no_reaction
161.10668858168563,1.6335633255057418,0.48388005014064783,0.5069427497505123,yes,low_yield
126.06256891682614,1.7543625116149668,0.3333887885998482,0.10629915731238926,yes,low_yield
212.78780627867604,0.7094046489839333,0.6830780551120323,0.630995116844338,yes,success
105.26963488902481,1.9475191570380577,0.390091945080893,0.662159729118342,no,low_yield
140.65641779193206,1.2584694741582803,0.47664681684095067,0.30122746503302933,yes,low_yield
128.01344708629125,1.5733965059927746,0.37288843171911934,0.5840383085789983,no,low_yield
222.34889421768665,2.306110314127712,0.8477702703706662,0.3287003525181602,yes,success
159.82773882557873,1.948419657932766,0.43575144677641764,0.5195340753496671,yes,low_yield
201.59222697343174,1.3657346760470839,0.8665114086958403,0.24710031860900689,yes,low_yield
75.7219813481514,1.0544038872923562,0.6628303524236533,0.14137870949308462,no,no_reaction
163.35251329346295,0.5,0.5964133454670772,0.42343656207740626,no,no_reaction
194.48153978117185,1.14042334037879,0.573746629463504,0.47525421074503277,yes,low_yield
154.1141994637712,1.3944348805861528,0.5787594596432504,0.4204640612770792,no,low_yield
203.27401875326757,1.006410236424408,0.11446548413087798,0.26319388835548807,yes,low_yield
124.13557749498139,1.4343715164538478,0.4442233211698487,0.4200201875737726,yes,low_yield
220.467372009279,1.5384259414793842,0.6690315942368643,0.5538589505161468,yes,success
264.9449061809625,1.3875720090959607,0.4902205633051789,0.4910213939754926,yes,success
131.85807197801705,1.1749987095882701,0.218962030639285,0.5365002061198427,yes,low_yield
127.7248739299614,1.5843273359833638,0.4895191098845061,0.3659769599091534,no,low_yield
222.66922385588504,1.7209703247847046,0.8408211032510983,0.7343435829432319,yes,success
228.97860728653563,0.954800461278577,0.7493783431069438,0.2647653326890439,no,low_yield
123.85699864233658,2.205466189873135,0.48759919812679364,0.5975120594173438,yes,low_yield
128.99065914520713,1.4507059338578692,0.6902898554116174,0.7363782185919923,no,low_yield
135.91076955697463,1.5094248114724238,0.42669859592638965,0.596181618549779,yes,low_yield
82.77747444828614,1.8541072116282786,0.1592256826346562,0.459495154587034,yes,low_yield
104.06740267579009,1.6166080656317507,0.3151068023740891,0.3943405906674042,yes,low_yield
99.7929616623966,1.9765683169566226,0.8125777537016396,0.7072175302092512,yes,success
111.61012174479359,1.643562082600912,0.44520138363413914,0.2154050149476654,no,no_reaction
148.26575563066095,1.1937813126797812,0.4513232041249964,0.30597514792407127,yes,low_yield
161.71073662682605,1.6807517626030508,0.4400323607450239,0.4204884469016557,no,low_yield
227.52502464070386,0.9281368963396691,0.8808273179146013,0.7475307515023997,yes,success
100.08229796306046,1.5542798528882615,0.8251917830724127,0.5759535272081793,yes,low_yield
199.21611992382918,1.4833850046777697,0.9437560466896269,0.30639084829795094,yes,low_yield
139.30055778872455,1.3959415713637302,0.46819095791998977,0.43793845892301925,no,low_yield
147.52681451737834,1.4357312442805346,0.559124897749419,0.37713537118074114,no,low_yield
183.7409746083302,0.5590754772511805,0.19667149011584173,0.35804220155329297,yes,low_yield
93.86389892188507,1.2256375461295193,0.795386885223655,0.6957779117113558,yes,low_yield
169.12048730920253,1.5464224505705573,0.266444089746413,0.22565137414729886,yes,low_yield
158.3226104106528,1.5799281959987002,0.5433551127525258,0.8217561711468747,no,low_yield
174.62256320040746,0.9861624295370209,0.2805394944734312,0.6656459380369246,no,no_reaction
164.4584321953909,2.1328539204323502,0.3822266346522608,0.7181723341207396,yes,low_yield
272.7650069955447,1.0669125758927496,0.3325475137900599,0.40741209759494834,yes,success
118.1130007874342,1.9847286002633684,0.37842494786483644,0.4700118561841781,yes,low_yield
123.45015224990911,1.7135971809358423,0.39217545937020426,0.21336963709505757,no,no_reaction
118.84297367876178,1.1768863450780984,0.3903462410149846,0.3950675185866394,yes,low_yield
122.22614404198727,2.387655446304756,0.6666667823560615,0.5987309695286301,no,low_yield
118.13064363467412,0.90318158412176,0.27902744138749597,0.7592126123562792,yes,low_yield
209.4508265553776,1.9595770868050009,0.5441082854027733,0.27856863663950965,no,low_yield
221.02521239949274,2.000291159021489,0.7435918304611117,0.4268988126029468,no,low_yield
121.46268531252619,1.1646898954616776,0.3973607270973208,0.46974015595349555,no,no_reaction
108.38222134478856,2.1962326500321643,0.3564162218504796,0.22084215956150294,no,no_reaction
173.5707778193202,1.3749767427005235,0.4538950749639498,0.6182698483516801,no,low_yield
122.38884778595144,1.6443468146399285,0.735945041672142,0.3552019336514782,yes,low_yield
181.64659088777555,1.6301609193856104,0.5388215261906716,0.46092192976459523,yes,low_yield
160.14615104256498,1.432845629264726,0.3937571410784803,0.40961012561762444,yes,low_yield
74.2127942501384,1.905404136579891,0.596775330237608,0.3421322988560651,no,no_reaction
227.37526006650307,1.8967443602761065,0.2795415700327153,0.4985910029038891,yes,success
239.7938836547761,0.6257340133809096,0.6362719020885896,0.45687808428639554,no,low_yield
119.36056547578069,2.1521701214390765,0.5817214615403535,0.4256284235442669,no,low_yield
130.6149220032008,0.6687540059821628,0.4384383057722232,0.3543076756639314,yes,low_yield
164.29326953624525,2.0162731021708287,0.3322828403105538,0.563904934156591,yes,low_yield
166.72283949935124,2.0633525684137917,0.32266381554330853,0.830723453698457,yes,low_yield
182.92721363364151,0.9545167848924009,0.606963467269182,0.5279774465678255,yes,low_yield
250.5102269383175,1.2945928560227076,0.7457961004978124,0.6992236429822258,yes,success
141.15263862529753,0.9471476657570321,0.37253845059424107,0.22195561496930744,yes,low_yield
110.08513777307732,1.3925394848556323,0.5916773407102969,0.5315522878587539,no,low_yield
81.03403859927364,1.3459828579071293,0.1,0.2805263362057867,no,no_reaction
113.45349800290404,1.88983026613467,0.3830764538685601,0.20461501449361968,yes,low_yield
148.34365135631015,2.155154373059804,0.49378821342581963,0.35212571850819274,yes,low_yield
239.7278931758894,2.197841905394978,0.3180633166036333,0.7383798668827146,yes,success
124.11943504819143,1.218915986710849,0.3126987250420808,0.6900031657339292,no,no_reaction
161.18939758194492,1.3953890631277361,0.36644408870622275,0.5486009444108799,no,low_yield
149.1788551963624,0.6582809038895249,0.5584385456652746,0.1934598880220138,yes,low_yield
209.4196636724042,1.0970649667519057,0.46253419631872505,0.46074386972241266,yes,low_yield
276.3466212936811,1.9824258165487287,0.1,0.5603400017803472,no,low_yield
123.45656135398397,2.307791411774116,0.1,0.5351072459157196,no,no_reaction
125.52802787408889,0.882825564060039,0.3786269644285649,0.13124128330385082,yes,low_yield
202.2080438534536,1.2037678704235528,0.5915373172107105,0.3219364303960256,no,low_yield
184.09457448131556,1.4867971215205364,0.1,0.48718444717025666,yes,low_yield
242.33536628680167,1.6400805794098035,0.40005396476967386,0.6072581819034379,yes,success
179.1964092662982,1.0951982400391769,0.3947504286965158,0.1,no,no_reaction
132.035395460647,1.7120305222320449,0.7776675556416897,0.4675752049040283,no,low_yield
179.53274153461547,1.263080326464542,0.42299563765742726,0.5286097539757905,yes,low_yield
205.4351790291454,1.4927738645608604,0.5765977969481857,0.6699223977032427,no,low_yield
191.0241090598682,1.7731421240018497,0.5282514280174927,0.6385715168474874,yes,success
175.36370155536488,1.5032111349054689,0.1,0.6165142637617611,no,no_reaction
203.3337344794577,1.2818070547367157,0.6536414433263474,0.3400118986596131,yes,low_yield
208.46477952228364,1.4451950980370847,0.5430793010912576,0.11839957257533845,no,low_yield
219.10794955187635,1.4558185203973324,0.6016537279349179,0.4213894485877198,no,low_yield
182.43549437948212,1.3149944850589361,1.0,0.700326365041712,yes,success
141.64409598415727,1.3706019686664488,0.1,0.7786909055048863,no,no_reaction
157.33568432166615,2.2993235852523584,0.8449393299522217,0.6421098204595571,no,low_yield
210.32544832541782,1.7804597239706195,0.4425104961199289,0.5858681645603468,no,low_yield
109.1532164506382,1.3522598409854198,0.5574657808806018,0.5759279296771931,yes,low_yield
168.43366544364505,1.848477202255368,0.49089755093975157,0.3887762506478439,no,low_yield
130.33305938363196,1.333090255121995,0.41515273332039127,0.473987941289276,no,low_yield
151.4372411467409,2.0865623187933204,0.38603341435224825,0.8338139051652662,yes,low_yield
213.92259313036493,1.6848210960990468,0.5659017471146018,0.3114883988416247,no,low_yield
159.55495340099517,1.4463489279978856,0.19656526066566415,0.8229557581419703,yes,low_yield
152.32182740780743,1.7238584629051388,0.6501158335043531,0.43559436910158833,yes,low_yield
82.00719295100404,0.7145619239657504,0.4167611190229492,0.7650864218190156,yes,low_yield
187.31267830136102,0.9366162655450974,0.27398613219192847,0.21863699810049236,yes,low_yield
182.27420905705378,0.9030374968004723,0.40999742840083725,0.6171808402329299,no,low_yield
258.16273616527303,1.5714715473818535,0.7514298433725146,0.3526459728104756,yes,success
134.61108825234996,2.366257499742546,0.39293298259675535,0.21694656161516251,no,low_yield
160.95751638319695,2.615650073096316,0.5716907236419241,0.5437068084821891,yes,success
162.46918418553776,1.8190255507203785,0.35380874485690533,0.7018943577191937,yes,low_yield
228.8726639881737,1.7504222374722285,0.6515843699847239,0.3310117122813007,yes,success
145.2352233806524,0.5994711329236305,0.6371015477580408,0.20019680790831973,yes,low_yield
163.95107628851696,1.228663100132989,0.8697217666592822,0.48163104713300897,no,low_yield
180.39482548582697,1.1061081240458805,0.4648872109001569,0.48251293424456376,no,low_yield
159.3304561578179,1.189576200874442,0.6337309609515813,0.6096639255108998,no,low_yield
127.67831927247359,1.4159280907076053,0.5196135079077889,0.6899189142728976,yes,low_yield
159.7044996449154,1.2639547111514364,0.7591743563726029,0.4881169637455012,yes,low_yield
203.6815874929886,0.5103500948121061,0.3562335224782539,0.8711006629588527,yes,low_yield
98.67423502944699,1.873955128058767,0.6490010625754562,0.5448469489070583,yes,low_yield
156.64848370734381,0.9636284871300967,0.46106054077666364,0.43071469879862007,yes,low_yield
114.99395925304134,1.6196234320555747,0.4871623645783004,0.17768652817943442,no,no_reaction
209.75233144624212,2.5370413348749867,0.5183504968896746,0.44746809593676645,yes,success
73.84065476081126,1.0403077042067883,0.5504480792853355,0.43272261091777275,no,no_reaction
122.05390763642058,0.5,0.47675419137560837,0.6920609592562941,yes,low_yield
168.86059375322606,1.3569978890599446,0.5429426366341052,0.5924967248133708,yes,low_yield
228.27620146171702,2.0504798174992853,0.8156236115124369,0.2641261756734765,no,low_yield
146.71248694635062,2.4791737271102967,0.6970899371230437,0.5344508772822075,yes,success
122.24002366534009,0.8852252027737916,0.6738309184993794,0.6343062343458107,no,low_yield
244.0578534720295,1.7483496116182609,0.40889209479522587,0.8056062718775665,no,low_yield
77.5993049791878,1.2673447716099733,0.32215183435433514,0.6775007934828119,yes,low_yield
40.0597021689959,1.4470258228479322,0.6910601116475505,0.6521693308622956,no,no_reaction
172.00072250266663,2.8221716735085174,0.6752093585059589,0.5120171989230328,yes,success
124.89728878236944,0.7485148358024234,0.7945341351501964,0.5776624010846899,yes,low_yield
98.93835914346434,1.6268698307472866,0.3792038748061541,0.7499009801412317,no,no_reaction
185.41782236496766,1.7338465858827166,0.4540902689279306,0.23344452050407005,yes,low_yield
162.19003568855993,2.0428931624696736,0.17210316749491317,0.4301121345566088,no,low_yield
121.79606846316358,1.5489915767354476,0.4215057787878254,0.34548625024875185,no,no_reaction
85.98478006645529,1.6540252697520512,0.6993141021158895,0.5758306237452249,no,low_yield
193.62286641400723,1.3041757162891043,0.40670092415436043,0.7460444351301575,yes,low_yield
182.51005889793305,1.6345634706225536,0.6280959590401648,0.3806051426557852,yes,low_yield
145.04120681103086,1.3284038622512948,0.46189937880043774,0.1,no,no_reaction
242.3318498023833,1.8107859449280255,0.5648114056443121,0.41755585099510595,yes,success
96.49576168369236,1.315194831978183,0.2704617220368665,0.6826947464034814,yes,low_yield
73.72374145376305,1.6885501969510932,0.5170418899267802,0.607525980589976,yes,low_yield
115.40459650593777,1.485368593157511,0.1,0.5856372495621153,yes,low_yield
147.7206991822251,2.0630251253860843,0.462620768367603,0.444001339625104,yes,low_yield
162.16697246613458,1.474303138205757,0.17390535125697193,0.24419385275604272,no,no_reaction
137.9381971071835,0.6134837658965593,0.7411989033093632,0.6030588643248935,no,low_yield
167.60276982571483,2.130960750356996,0.6554814705529023,0.333143637993075,yes,low_yield
87.42302879047779,1.0471338495686906,0.5933341963932162,0.9368193466760912,yes,low_yield
222.18823020366295,1.1731168306755901,0.8042012454318761,0.6141014416709032,yes,success
145.89244108037155,1.202169352978254,0.31021669583503253,0.3838703394892098,no,no_reaction
205.8647915794064,2.1872190465854087,0.8494726395831116,0.37772295052227434,yes,success
167.13626731888522,0.5,0.686438312852077,0.48141115867728235,no,no_reaction
172.8376609576892,3.0,0.4526889425562108,0.45209961559565004,yes,success
178.4883640116102,2.0280284045330257,0.7271240294365888,0.7233667551059908,no,low_yield
172.38542800086574,1.6116194570645799,0.2787412975176732,0.5372832339488093,yes,low_yield
182.1361379933772,1.4725529996918567,0.3350971676944653,0.3536736522182944,no,low_yield
216.45762650662158,1.6427770374288284,0.37828205535205994,0.8780881370311566,yes,success
159.8260584850735,1.7605612141896692,0.394204458387197,0.5098616663040445,no,low_yield
185.4501878794256,1.8226077929750284,0.2886884714479494,0.6537679351937794,yes,low_yield
145.51321528563867,1.7778022330017242,0.744616613419065,0.37835469851104814,no,low_yield
222.00586077247362,1.5447903406276244,0.44822911992603365,0.5726231255489047,no,low_yield
116.18038489703652,1.401330789846337,0.5705009936713759,0.562221998228639,yes,low_yield
240.04702164554078,1.4243633581732442,0.3859297267172639,0.1220701415807694,no,low_yield
147.99210246778284,1.4025458598236595,0.13587933989029655,0.9030550220921281,yes,low_yield
78.46124489409759,2.0668850484335324,0.5540114716782845,0.7581288921845095,yes,low_yield
156.40522074553945,1.7967783611404309,0.11754900491604459,0.4205609367708025,yes,low_yield
115.94741712625596,0.5,0.48627319078290626,0.27954605190882886,yes,low_yield
192.0321774494362,1.8279503882648804,0.2263369922334379,0.5695123227607104,no,low_yield
117.36880103488045,1.5973680973593873,0.8974551998461616,0.5173395398828793,no,low_yield
127.69082833926102,1.4906456217770514,0.6822725444349443,0.5711337897126458,yes,low_yield
55.522963452723445,1.305740773455557,0.5211507582542961,0.538315479238818,yes,low_yield
127.38468403754617,2.0620563599930066,0.7527413355309338,0.6012481978611852,no,low_yield
28.80603366855216,1.973763231061429,0.33073680450685283,0.7894611398783613,no,no_reaction
70.80485882571384,1.1135611660881954,0.6086958757340186,0.6136206410257292,yes,low_yield
188.02073280721487,1.7035261435622675,0.5399620867437427,0.2900689002180118,no,low_yield
189.2900079325416,1.014171632729357,0.552804016266734,0.7725125705424905,yes,low_yield
171.27287808924825,0.8101909176055347,0.7544707000213535,0.8281229126976575,yes,success
101.65119284353935,1.1866413877050175,0.6464984205559605,1.0,no,low_yield
147.614432192901,1.9311967361913793,0.5577447325650047,0.27530119335208036,yes,low_yield
149.81987304547158,1.9765625226880434,0.16902251275434077,0.548576402630055,yes,low_yield
92.08176554037286,1.7565427100486466,0.3079907409441073,0.1,yes,low_yield
225.16991508835753,1.8625478934239985,0.4754582132808552,0.6106298312758418,no,low_yield
193.86811452878356,1.7580891435574793,0.5186744748553302,0.39035994036664545,no,low_yield
138.95179130851682,1.1792592023885238,0.27395925506521523,0.8846891589649907,yes,low_yield
151.34429194972654,1.7159612723369704,0.9823353351156843,0.3450770059962836,yes,low_yield
160.41914039737762,1.9002047626138412,0.8032788110507145,0.16216339240654765,yes,low_yield
47.913256578785465,1.877145664906787,0.6204236640784967,0.40574725185949606,yes,low_yield
137.64113087397016,2.0944566857373212,0.5144073722567489,0.10490244575657248,yes,low_yield
115.90078760011008,1.854151923600532,0.45755820601976965,0.650219890901462,no,low_yield
99.91899950525422,1.6757241037707915,0.30961630799555284,0.1,yes,low_yield
135.94498535570224,2.035075119158214,0.5154961037037725,0.5056915162366318,yes,low_yield
239.88432634247613,1.4867393703754699,0.5515505080285501,0.1,yes,low_yield
182.0421430633505,1.059062674386141,0.2516478849036751,0.4359404390926716,yes,low_yield
121.44105051086015,1.418466518028118,0.5668352834489795,0.8286756311609068,no,low_yield
178.62913906780793,1.1275486775967756,0.46894819023505024,0.5721295782871589,yes,low_yield
